Date,Buy_cash,Buy_transfer,Sell
2020-04-01,23440.00,23470.00,23650.00
2020-04-02,23440.00,23470.00,23650.00
2020-04-03,23320.00,23350.00,23530.00
2020-04-04,23320.00,23350.00,23530.00
2020-04-05,23320.00,23350.00,23530.00
2020-04-06,23360.00,23390.00,23570.00
2020-04-07,23340.00,23370.00,23550.00
2020-04-08,23400.00,23430.00,23610.00
2020-04-09,23370.00,23400.00,23580.00
2020-04-10,23310.00,23340.00,23520.00
2020-04-11,23310.00,23340.00,23520.00
2020-04-12,23310.00,23340.00,23520.00
2020-04-13,23320.00,23350.00,23530.00
2020-04-14,23335.00,23365.00,23545.00
2020-04-15,23320.00,23350.00,23530.00
2020-04-16,23340.00,23370.00,23550.00
2020-04-17,23300.00,23330.00,23510.00
2020-04-18,23300.00,23330.00,23510.00
2020-04-19,23300.00,23330.00,23510.00
2020-04-20,23330.00,23360.00,23540.00
2020-04-21,23330.00,23360.00,23540.00
2020-04-22,23350.00,23380.00,23560.00
2020-04-23,23360.00,23390.00,23570.00
2020-04-24,23370.00,23400.00,23580.00
2020-04-25,23370.00,23400.00,23580.00
2020-04-26,23370.00,23400.00,23580.00
2020-04-27,23340.00,23370.00,23550.00
2020-04-28,23325.00,23355.00,23535.00
2020-04-29,23300.00,23330.00,23510.00
2020-04-30,23300.00,23330.00,23510.00
2020-05-01,23300.00,23330.00,23510.00
2020-05-02,23300.00,23330.00,23510.00
2020-05-03,23300.00,23330.00,23510.00
2020-05-04,23310.00,23340.00,23520.00
2020-05-05,23300.00,23330.00,23510.00
2020-05-06,23300.00,23330.00,23510.00
2020-05-07,23280.00,23310.00,23490.00
2020-05-08,23240.00,23270.00,23450.00
2020-05-09,23240.00,23270.00,23450.00
2020-05-10,23240.00,23270.00,23450.00
2020-05-11,23210.00,23240.00,23420.00
2020-05-12,23220.00,23250.00,23430.00
2020-05-13,23230.00,23260.00,23440.00
2020-05-14,23250.00,23280.00,23460.00
2020-05-15,23240.00,23270.00,23450.00
2020-05-16,23240.00,23270.00,23450.00
2020-05-17,23240.00,23270.00,23450.00
2020-05-18,23220.00,23250.00,23430.00
2020-05-19,23160.00,23190.00,23370.00
2020-05-20,23150.00,23180.00,23360.00
2020-05-21,23150.00,23180.00,23360.00
2020-05-22,23160.00,23190.00,23370.00
2020-05-23,23160.00,23190.00,23370.00
2020-05-24,23160.00,23190.00,23370.00
2020-05-25,23180.00,23210.00,23390.00
2020-05-26,23200.00,23230.00,23410.00
2020-05-27,23200.00,23230.00,23410.00
2020-05-28,23180.00,23210.00,23390.00
2020-05-29,23160.00,23190.00,23370.00
2020-05-30,23160.00,23190.00,23370.00
2020-05-31,23160.00,23190.00,23370.00
2020-06-01,23140.00,23170.00,23350.00
2020-06-02,23140.00,23170.00,23350.00
2020-06-03,23140.00,23170.00,23350.00
2020-06-04,23140.00,23170.00,23350.00
2020-06-05,23130.00,23160.00,23340.00
2020-06-06,23130.00,23160.00,23340.00
2020-06-07,23130.00,23160.00,23340.00
2020-06-08,23110.00,23140.00,23320.00
2020-06-09,23070.00,23100.00,23280.00
2020-06-10,23070.00,23100.00,23280.00
2020-06-11,23110.00,23140.00,23320.00
2020-06-12,23110.00,23140.00,23320.00
2020-06-13,23110.00,23140.00,23320.00
2020-06-14,23110.00,23140.00,23320.00
2020-06-15,23100.00,23130.00,23310.00
2020-06-16,23085.00,23115.00,23295.00
2020-06-17,23080.00,23110.00,23290.00
2020-06-18,23080.00,23110.00,23290.00
2020-06-19,23100.00,23130.00,23310.00
2020-06-20,23100.00,23130.00,23310.00
2020-06-21,23100.00,23130.00,23310.00
2020-06-22,23100.00,23130.00,23310.00
2020-06-23,23090.00,23120.00,23300.00
2020-06-24,23100.00,23130.00,23310.00
2020-06-25,23085.00,23115.00,23295.00
2020-06-26,23090.00,23120.00,23300.00
2020-06-27,23090.00,23120.00,23300.00
2020-06-28,23090.00,23120.00,23300.00
2020-06-29,23085.00,23115.00,23295.00
2020-06-30,23090.00,23120.00,23300.00
2020-07-01,23080.00,23110.00,23290.00
2020-07-02,23080.00,23110.00,23290.00
2020-07-03,23080.00,23110.00,23290.00
2020-07-04,23080.00,23110.00,23290.00
2020-07-05,23080.00,23110.00,23290.00
2020-07-06,23070.00,23100.00,23280.00
2020-07-07,23070.00,23100.00,23280.00
2020-07-08,23080.00,23110.00,23290.00
2020-07-09,23070.00,23100.00,23280.00
2020-07-10,23060.00,23090.00,23270.00
2020-07-11,23060.00,23090.00,23270.00
2020-07-12,23060.00,23090.00,23270.00
2020-07-13,23060.00,23090.00,23270.00
2020-07-14,23060.00,23090.00,23270.00
2020-07-15,23060.00,23090.00,23270.00
2020-07-16,23070.00,23100.00,23280.00
2020-07-17,23070.00,23100.00,23280.00
2020-07-18,23070.00,23100.00,23280.00
2020-07-19,23070.00,23100.00,23280.00
2020-07-20,23070.00,23100.00,23280.00
2020-07-21,23070.00,23100.00,23280.00
2020-07-22,23060.00,23090.00,23270.00
2020-07-23,23060.00,23090.00,23270.00
2020-07-24,23060.00,23090.00,23270.00
2020-07-25,23060.00,23090.00,23270.00
2020-07-26,23060.00,23090.00,23270.00
2020-07-27,23060.00,23090.00,23270.00
2020-07-28,23060.00,23090.00,23270.00
2020-07-29,23060.00,23090.00,23270.00
2020-07-30,23060.00,23090.00,23270.00
2020-07-31,23060.00,23090.00,23270.00
2020-08-01,23060.00,23090.00,23270.00
2020-08-02,23060.00,23090.00,23270.00
2020-08-03,23060.00,23090.00,23270.00
2020-08-04,23060.00,23090.00,23270.00
2020-08-05,23060.00,23090.00,23270.00
2020-08-06,23060.00,23090.00,23270.00
2020-08-07,23060.00,23090.00,23270.00
2020-08-08,23060.00,23090.00,23270.00
2020-08-09,23060.00,23090.00,23270.00
2020-08-10,23060.00,23090.00,23270.00
2020-08-11,23060.00,23090.00,23270.00
2020-08-12,23060.00,23090.00,23270.00
2020-08-13,23060.00,23090.00,23270.00
2020-08-14,23060.00,23090.00,23270.00
2020-08-15,23060.00,23090.00,23270.00
2020-08-16,23060.00,23090.00,23270.00
2020-08-17,23060.00,23090.00,23270.00
2020-08-18,23060.00,23090.00,23270.00
2020-08-19,23060.00,23090.00,23270.00
2020-08-20,23060.00,23090.00,23270.00
2020-08-21,23060.00,23090.00,23270.00
2020-08-22,23060.00,23090.00,23270.00
2020-08-23,23060.00,23090.00,23270.00
2020-08-24,23060.00,23090.00,23270.00
2020-08-25,23060.00,23090.00,23270.00
2020-08-26,23060.00,23090.00,23270.00
2020-08-27,23060.00,23090.00,23270.00
2020-08-28,23060.00,23090.00,23270.00
2020-08-29,23060.00,23090.00,23270.00
2020-08-30,23060.00,23090.00,23270.00
2020-08-31,23060.00,23090.00,23270.00
2020-09-01,23060.00,23090.00,23270.00
2020-09-02,23060.00,23090.00,23270.00
2020-09-03,23060.00,23090.00,23270.00
2020-09-04,23060.00,23090.00,23270.00
2020-09-05,23060.00,23090.00,23270.00
2020-09-06,23060.00,23090.00,23270.00
2020-09-07,23060.00,23090.00,23270.00
2020-09-08,23060.00,23090.00,23270.00
2020-09-09,23060.00,23090.00,23270.00
2020-09-10,23060.00,23090.00,23270.00
2020-09-11,23060.00,23090.00,23270.00
2020-09-12,23060.00,23090.00,23270.00
2020-09-13,23060.00,23090.00,23270.00
2020-09-14,23060.00,23090.00,23270.00
2020-09-15,23060.00,23090.00,23270.00
2020-09-16,23060.00,23090.00,23270.00
2020-09-17,23060.00,23090.00,23270.00
2020-09-18,23060.00,23090.00,23270.00
2020-09-19,23060.00,23090.00,23270.00
2020-09-20,23060.00,23090.00,23270.00
2020-09-21,23060.00,23090.00,23270.00
2020-09-22,23060.00,23090.00,23270.00
2020-09-23,23070.00,23100.00,23280.00
2020-09-24,23070.00,23100.00,23280.00
2020-09-25,23070.00,23100.00,23280.00
2020-09-26,23070.00,23100.00,23280.00
2020-09-27,23070.00,23100.00,23280.00
2020-09-28,23070.00,23100.00,23280.00
2020-09-29,23070.00,23100.00,23280.00
2020-09-30,23060.00,23090.00,23270.00
2020-10-01,23070.00,23100.00,23280.00
2020-10-02,23070.00,23100.00,23280.00
2020-10-03,23070.00,23100.00,23280.00
2020-10-04,23070.00,23100.00,23280.00
2020-10-05,23080.00,23110.00,23290.00
2020-10-06,23080.00,23110.00,23290.00
2020-10-07,23080.00,23110.00,23290.00
2020-10-08,23070.00,23100.00,23280.00
2020-10-09,23070.00,23100.00,23280.00
2020-10-10,23070.00,23100.00,23280.00
2020-10-11,23070.00,23100.00,23280.00
2020-10-12,23070.00,23100.00,23280.00
2020-10-13,23070.00,23100.00,23280.00
2020-10-14,23060.00,23090.00,23270.00
2020-10-15,23060.00,23090.00,23270.00
2020-10-16,23060.00,23090.00,23270.00
2020-10-17,23060.00,23090.00,23270.00
2020-10-18,23060.00,23090.00,23270.00
2020-10-19,23060.00,23090.00,23270.00
2020-10-20,23060.00,23090.00,23270.00
2020-10-21,23060.00,23090.00,23270.00
2020-10-22,23060.00,23090.00,23270.00
2020-10-23,23060.00,23090.00,23270.00
2020-10-24,23060.00,23090.00,23270.00
2020-10-25,23060.00,23090.00,23270.00
2020-10-26,23060.00,23090.00,23270.00
2020-10-27,23060.00,23090.00,23270.00
2020-10-28,23060.00,23090.00,23270.00
2020-10-29,23060.00,23090.00,23270.00
2020-10-30,23060.00,23090.00,23270.00
2020-10-31,23060.00,23090.00,23270.00
2020-11-01,23060.00,23090.00,23270.00
2020-11-02,23060.00,23090.00,23270.00
2020-11-03,23060.00,23090.00,23270.00
2020-11-04,23060.00,23090.00,23270.00
2020-11-05,23060.00,23090.00,23270.00
2020-11-06,23060.00,23090.00,23270.00
2020-11-07,23060.00,23090.00,23270.00
2020-11-08,23060.00,23090.00,23270.00
2020-11-09,23060.00,23090.00,23270.00
2020-11-10,23060.00,23090.00,23270.00
2020-11-11,23060.00,23090.00,23270.00
2020-11-12,23060.00,23090.00,23270.00
2020-11-13,23060.00,23090.00,23270.00
2020-11-14,23060.00,23090.00,23270.00
2020-11-15,23060.00,23090.00,23270.00
2020-11-16,23055.00,23085.00,23265.00
2020-11-17,23050.00,23080.00,23260.00
2020-11-18,23060.00,23090.00,23270.00
2020-11-19,23060.00,23090.00,23270.00
2020-11-20,23055.00,23085.00,23265.00
2020-11-21,23055.00,23085.00,23265.00
2020-11-22,23055.00,23085.00,23265.00
2020-11-23,23030.00,23060.00,23240.00
2020-11-24,23040.00,23070.00,23250.00
2020-11-25,23040.00,23070.00,23250.00
2020-11-26,23050.00,23080.00,23260.00
2020-11-27,23050.00,23080.00,23260.00
2020-11-28,23050.00,23080.00,23260.00
2020-11-29,23050.00,23080.00,23260.00
2020-11-30,23020.00,23050.00,23230.00
2020-12-01,23020.00,23050.00,23230.00
2020-12-02,23020.00,23050.00,23230.00
2020-12-03,23020.00,23050.00,23230.00
2020-12-04,23010.00,23040.00,23220.00
2020-12-05,23010.00,23040.00,23220.00
2020-12-06,23010.00,23040.00,23220.00
2020-12-07,23010.00,23040.00,23220.00
2020-12-08,23010.00,23040.00,23220.00
2020-12-09,23010.00,23040.00,23220.00
2020-12-10,23010.00,23040.00,23220.00
2020-12-11,23010.00,23040.00,23220.00
2020-12-12,23010.00,23040.00,23220.00
2020-12-13,23010.00,23040.00,23220.00
2020-12-14,23010.00,23040.00,23220.00
2020-12-15,23010.00,23040.00,23220.00
2020-12-16,23010.00,23040.00,23220.00
2020-12-17,23010.00,23040.00,23220.00
2020-12-18,23010.00,23040.00,23220.00
2020-12-19,23010.00,23040.00,23220.00
2020-12-20,23010.00,23040.00,23220.00
2020-12-21,23010.00,23040.00,23220.00
2020-12-22,23010.00,23040.00,23220.00
2020-12-23,23010.00,23040.00,23220.00
2020-12-24,23010.00,23040.00,23220.00
2020-12-25,23010.00,23040.00,23220.00
2020-12-26,23010.00,23040.00,23220.00
2020-12-27,23010.00,23040.00,23220.00
2020-12-28,23010.00,23040.00,23220.00
2020-12-29,23010.00,23040.00,23220.00
2020-12-30,22980.00,23010.00,23190.00
2020-12-31,23005.00,23035.00,23215.00
2021-01-01,23005.00,23035.00,23215.00
2021-01-02,23005.00,23035.00,23215.00
2021-01-03,23005.00,23035.00,23215.00
2021-01-04,22980.00,23010.00,23190.00
2021-01-05,22980.00,23010.00,23190.00
2021-01-06,22980.00,23010.00,23190.00
2021-01-07,22960.00,22990.00,23170.00
2021-01-08,22940.00,22970.00,23150.00
2021-01-09,22940.00,22970.00,23150.00
2021-01-10,22940.00,22970.00,23150.00
2021-01-11,22950.00,22980.00,23160.00
2021-01-12,22950.00,22980.00,23160.00
2021-01-13,22950.00,22980.00,23160.00
2021-01-14,22950.00,22980.00,23160.00
2021-01-15,22950.00,22980.00,23160.00
2021-01-16,22950.00,22980.00,23160.00
2021-01-17,22950.00,22980.00,23160.00
2021-01-18,22950.00,22980.00,23160.00
2021-01-19,22950.00,22980.00,23160.00
2021-01-20,22955.00,22985.00,23165.00
2021-01-21,22955.00,22985.00,23165.00
2021-01-22,22955.00,22985.00,23165.00
2021-01-23,22955.00,22985.00,23165.00
2021-01-24,22955.00,22985.00,23165.00
2021-01-25,22955.00,22985.00,23165.00
2021-01-26,22950.00,22980.00,23160.00
2021-01-27,22950.00,22980.00,23160.00
2021-01-28,22940.00,22970.00,23150.00
2021-01-29,22930.00,22960.00,23140.00
2021-01-30,22930.00,22960.00,23140.00
2021-01-31,22930.00,22960.00,23140.00
2021-02-01,22920.00,22950.00,23130.00
2021-02-02,22900.00,22930.00,23110.00
2021-02-03,22910.00,22940.00,23120.00
2021-02-04,22900.00,22930.00,23110.00
2021-02-05,22880.00,22910.00,23090.00
2021-02-06,22880.00,22910.00,23090.00
2021-02-07,22880.00,22910.00,23090.00
2021-02-08,22850.00,22880.00,23060.00
2021-02-09,22880.00,22910.00,23090.00
2021-02-10,22880.00,22910.00,23090.00
2021-02-11,22880.00,22910.00,23090.00
2021-02-12,22880.00,22910.00,23090.00
2021-02-13,22880.00,22910.00,23090.00
2021-02-14,22880.00,22910.00,23090.00
2021-02-15,22880.00,22910.00,23090.00
2021-02-16,22880.00,22910.00,23090.00
2021-02-17,22880.00,22910.00,23090.00
2021-02-18,22880.00,22910.00,23090.00
2021-02-19,22895.00,22925.00,23105.00
2021-02-20,22895.00,22925.00,23105.00
2021-02-21,22895.00,22925.00,23105.00
2021-02-22,22900.00,22930.00,23110.00
2021-02-23,22910.00,22940.00,23120.00
2021-02-24,22910.00,22940.00,23120.00
2021-02-25,22900.00,22930.00,23110.00
2021-02-26,22890.00,22920.00,23100.00
2021-02-27,22890.00,22920.00,23100.00
2021-02-28,22890.00,22920.00,23100.00
2021-03-01,22900.00,22930.00,23110.00
2021-03-02,22910.00,22940.00,23120.00
2021-03-03,22910.00,22940.00,23120.00
2021-03-04,22900.00,22930.00,23110.00
2021-03-05,22915.00,22945.00,23125.00
2021-03-06,22915.00,22945.00,23125.00
2021-03-07,22915.00,22945.00,23125.00
2021-03-08,22930.00,22960.00,23140.00
2021-03-09,22930.00,22960.00,23140.00
2021-03-10,22930.00,22960.00,23140.00
2021-03-11,22930.00,22960.00,23140.00
2021-03-12,22930.00,22960.00,23140.00
2021-03-13,22930.00,22960.00,23140.00
2021-03-14,22930.00,22960.00,23140.00
2021-03-15,22960.00,22990.00,23170.00
2021-03-16,22955.00,22985.00,23165.00
2021-03-17,22950.00,22980.00,23160.00
2021-03-18,22950.00,22980.00,23160.00
2021-03-19,22950.00,22980.00,23160.00
2021-03-20,22950.00,22980.00,23160.00
2021-03-21,22950.00,22980.00,23160.00
2021-03-22,22960.00,22990.00,23170.00
2021-03-23,22960.00,22990.00,23170.00
2021-03-24,22960.00,22990.00,23170.00
2021-03-25,22980.00,23010.00,23190.00
2021-03-26,22965.00,22995.00,23175.00
2021-03-27,22965.00,22995.00,23175.00
2021-03-28,22965.00,22995.00,23175.00
2021-03-29,22950.00,22980.00,23160.00
2021-03-30,22950.00,22980.00,23160.00
2021-03-31,22960.00,22990.00,23170.00
2021-04-01,22960.00,22990.00,23170.00
2021-04-02,22950.00,22980.00,23160.00
2021-04-03,22950.00,22980.00,23160.00
2021-04-04,22950.00,22980.00,23160.00
2021-04-05,22950.00,22980.00,23160.00
2021-04-06,22970.00,23000.00,23180.00
2021-04-07,22970.00,23000.00,23180.00
2021-04-08,22970.00,23000.00,23180.00
2021-04-09,22950.00,22980.00,23160.00
2021-04-10,22950.00,22980.00,23160.00
2021-04-11,22950.00,22980.00,23160.00
2021-04-12,22950.00,22980.00,23160.00
2021-04-13,22950.00,22980.00,23160.00
2021-04-14,22950.00,22980.00,23160.00
2021-04-15,22950.00,22980.00,23160.00
2021-04-16,22950.00,22980.00,23160.00
2021-04-17,22950.00,22980.00,23160.00
2021-04-18,22950.00,22980.00,23160.00
2021-04-19,22955.00,22985.00,23165.00
2021-04-20,22960.00,22990.00,23170.00
2021-04-21,22960.00,22990.00,23170.00
2021-04-22,22955.00,22985.00,23165.00
2021-04-23,22945.00,22975.00,23155.00
2021-04-24,22945.00,22975.00,23155.00
2021-04-25,22945.00,22975.00,23155.00
2021-04-26,22940.00,22970.00,23150.00
2021-04-27,22930.00,22960.00,23140.00
2021-04-28,22930.00,22960.00,23140.00
2021-04-29,22930.00,22960.00,23140.00
2021-04-30,22930.00,22960.00,23140.00
2021-05-01,22930.00,22960.00,23140.00
2021-05-02,22930.00,22960.00,23140.00
2021-05-03,22930.00,22960.00,23140.00
2021-05-04,22940.00,22970.00,23150.00
2021-05-05,22940.00,22970.00,23150.00
2021-05-06,22940.00,22970.00,23150.00
2021-05-07,22950.00,22980.00,23160.00
2021-05-08,22950.00,22980.00,23160.00
2021-05-09,22950.00,22980.00,23160.00
2021-05-10,22940.00,22970.00,23150.00
2021-05-11,22930.00,22960.00,23160.00
2021-05-12,22930.00,22960.00,23160.00
2021-05-13,22910.00,22940.00,23140.00
2021-05-14,22920.00,22950.00,23150.00
2021-05-15,22920.00,22950.00,23150.00
2021-05-16,22920.00,22950.00,23150.00
2021-05-17,22910.00,22940.00,23140.00
2021-05-18,22920.00,22950.00,23150.00
2021-05-19,22920.00,22950.00,23150.00
2021-05-20,22920.00,22950.00,23150.00
2021-05-21,22920.00,22950.00,23150.00
2021-05-22,22920.00,22950.00,23150.00
2021-05-23,22920.00,22950.00,23150.00
2021-05-24,22930.00,22960.00,23160.00
2021-05-25,22930.00,22960.00,23160.00
2021-05-26,22930.00,22960.00,23160.00
2021-05-27,22910.00,22940.00,23140.00
2021-05-28,22910.00,22940.00,23140.00
2021-05-29,22910.00,22940.00,23140.00
2021-05-30,22910.00,22940.00,23140.00
2021-05-31,22915.00,22945.00,23145.00
2021-06-01,22915.00,22945.00,23145.00
2021-06-02,22915.00,22945.00,23145.00
2021-06-03,22910.00,22940.00,23140.00
2021-06-04,22920.00,22950.00,23150.00
2021-06-05,22920.00,22950.00,23150.00
2021-06-06,22920.00,22950.00,23150.00
2021-06-07,22840.00,22870.00,23070.00
2021-06-08,22830.00,22860.00,23060.00
2021-06-09,22830.00,22860.00,23060.00
2021-06-10,22810.00,22840.00,23040.00
2021-06-11,22820.00,22850.00,23050.00
2021-06-12,22820.00,22850.00,23050.00
2021-06-13,22820.00,22850.00,23050.00
2021-06-14,22820.00,22850.00,23050.00
2021-06-15,22820.00,22850.00,23050.00
2021-06-16,22820.00,22850.00,23050.00
2021-06-17,22830.00,22860.00,23060.00
2021-06-18,22880.00,22910.00,23110.00
2021-06-19,22880.00,22910.00,23110.00
2021-06-20,22880.00,22910.00,23110.00
2021-06-21,22890.00,22920.00,23120.00
2021-06-22,22890.00,22920.00,23120.00
2021-06-23,22890.00,22920.00,23120.00
2021-06-24,22870.00,22900.00,23100.00
2021-06-25,22880.00,22910.00,23110.00
2021-06-26,22880.00,22910.00,23110.00
2021-06-27,22880.00,22910.00,23110.00
2021-06-28,22890.00,22920.00,23120.00
2021-06-29,22890.00,22920.00,23120.00
2021-06-30,22890.00,22920.00,23120.00
2021-07-01,22880.00,22910.00,23110.00
2021-07-02,22870.00,22900.00,23100.00
2021-07-03,22870.00,22900.00,23100.00
2021-07-04,22870.00,22900.00,23100.00
2021-07-05,22870.00,22900.00,23100.00
2021-07-06,22870.00,22900.00,23100.00
2021-07-07,22870.00,22900.00,23100.00
2021-07-08,22890.00,22920.00,23120.00
2021-07-09,22870.00,22900.00,23100.00
2021-07-10,22870.00,22900.00,23100.00
2021-07-11,22870.00,22900.00,23100.00
2021-07-12,22890.00,22920.00,23120.00
2021-07-13,22890.00,22920.00,23120.00
2021-07-14,22880.00,22910.00,23110.00
2021-07-15,22890.00,22920.00,23120.00
2021-07-16,22880.00,22910.00,23110.00
2021-07-17,22880.00,22910.00,23110.00
2021-07-18,22880.00,22910.00,23110.00
2021-07-19,22890.00,22920.00,23120.00
2021-07-20,22900.00,22930.00,23130.00
2021-07-21,22900.00,22930.00,23130.00
2021-07-22,22890.00,22920.00,23120.00
2021-07-23,22880.00,22910.00,23110.00
2021-07-24,22880.00,22910.00,23110.00
2021-07-25,22880.00,22910.00,23110.00
2021-07-26,22880.00,22910.00,23110.00
2021-07-27,22880.00,22910.00,23110.00
2021-07-28,22865.00,22895.00,23095.00
2021-07-29,22840.00,22870.00,23070.00
2021-07-30,22820.00,22850.00,23050.00
2021-07-31,22820.00,22850.00,23050.00
2021-08-01,22820.00,22850.00,23050.00
2021-08-02,22820.00,22850.00,23050.00
2021-08-03,22820.00,22850.00,23050.00
2021-08-04,22810.00,22840.00,23040.00
2021-08-05,22810.00,22840.00,23040.00
2021-08-06,22800.00,22830.00,23030.00
2021-08-07,22800.00,22830.00,23030.00
2021-08-08,22800.00,22830.00,23030.00
2021-08-09,22800.00,22830.00,23030.00
2021-08-10,22770.00,22800.00,23000.00
2021-08-11,22670.00,22700.00,22900.00
2021-08-12,22680.00,22710.00,22910.00
2021-08-13,22700.00,22730.00,22930.00
2021-08-14,22700.00,22730.00,22930.00
2021-08-15,22700.00,22730.00,22930.00
2021-08-16,22710.00,22740.00,22940.00
2021-08-17,22705.00,22735.00,22935.00
2021-08-18,22680.00,22710.00,22910.00
2021-08-19,22680.00,22710.00,22910.00
2021-08-20,22685.00,22715.00,22915.00
2021-08-21,22685.00,22715.00,22915.00
2021-08-22,22685.00,22715.00,22915.00
2021-08-23,22695.00,22725.00,22925.00
2021-08-24,22695.00,22725.00,22925.00
2021-08-25,22670.00,22700.00,22900.00
2021-08-26,22650.00,22680.00,22880.00
2021-08-27,22660.00,22690.00,22890.00
2021-08-28,22660.00,22690.00,22890.00
2021-08-29,22660.00,22690.00,22890.00
2021-08-30,22650.00,22680.00,22880.00
2021-08-31,22640.00,22670.00,22870.00
2021-09-01,22650.00,22680.00,22880.00
2021-09-02,22650.00,22680.00,22880.00
2021-09-03,22650.00,22680.00,22880.00
2021-09-04,22650.00,22680.00,22880.00
2021-09-05,22650.00,22680.00,22880.00
2021-09-06,22635.00,22665.00,22865.00
2021-09-07,22630.00,22660.00,22860.00
2021-09-08,22640.00,22670.00,22870.00
2021-09-09,22640.00,22670.00,22870.00
2021-09-10,22640.00,22670.00,22870.00
2021-09-11,22640.00,22670.00,22870.00
2021-09-12,22640.00,22670.00,22870.00
2021-09-13,22640.00,22670.00,22870.00
2021-09-14,22640.00,22670.00,22870.00
2021-09-15,22630.00,22660.00,22860.00
2021-09-16,22630.00,22660.00,22860.00
2021-09-17,22640.00,22670.00,22870.00
2021-09-18,22640.00,22670.00,22870.00
2021-09-19,22640.00,22670.00,22870.00
2021-09-20,22645.00,22675.00,22875.00
2021-09-21,22640.00,22670.00,22870.00
2021-09-22,22630.00,22660.00,22860.00
2021-09-23,22630.00,22660.00,22860.00
2021-09-24,22630.00,22660.00,22860.00
2021-09-25,22630.00,22660.00,22860.00
2021-09-26,22630.00,22660.00,22860.00
2021-09-27,22630.00,22660.00,22860.00
2021-09-28,22640.00,22670.00,22870.00
2021-09-29,22630.00,22660.00,22860.00
2021-09-30,22630.00,22660.00,22860.00
2021-10-01,22630.00,22660.00,22860.00
2021-10-02,22630.00,22660.00,22860.00
2021-10-03,22630.00,22660.00,22860.00
2021-10-04,22630.00,22660.00,22860.00
2021-10-05,22630.00,22660.00,22860.00
2021-10-06,22630.00,22660.00,22860.00
2021-10-07,22630.00,22660.00,22860.00
2021-10-08,22630.00,22660.00,22860.00
2021-10-09,22630.00,22660.00,22860.00
2021-10-10,22630.00,22660.00,22860.00
2021-10-11,22630.00,22660.00,22860.00
2021-10-12,22620.00,22650.00,22850.00
2021-10-13,22630.00,22660.00,22860.00
2021-10-14,22630.00,22660.00,22860.00
2021-10-15,22630.00,22660.00,22860.00
2021-10-16,22630.00,22660.00,22860.00
2021-10-17,22630.00,22660.00,22860.00
2021-10-18,22630.00,22660.00,22860.00
2021-10-19,22630.00,22660.00,22860.00
2021-10-20,22625.00,22655.00,22855.00
2021-10-21,22625.00,22655.00,22855.00
2021-10-22,22625.00,22655.00,22855.00
2021-10-23,22625.00,22655.00,22855.00
2021-10-24,22625.00,22655.00,22855.00
2021-10-25,22625.00,22655.00,22855.00
2021-10-26,22625.00,22655.00,22855.00
2021-10-27,22625.00,22655.00,22855.00
2021-10-28,22625.00,22655.00,22855.00
2021-10-29,22620.00,22650.00,22850.00
2021-10-30,22620.00,22650.00,22850.00
2021-10-31,22620.00,22650.00,22850.00
2021-11-01,22620.00,22650.00,22850.00
2021-11-02,22620.00,22650.00,22850.00
2021-11-03,22600.00,22630.00,22830.00
2021-11-04,22550.00,22580.00,22780.00
2021-11-05,22540.00,22570.00,22770.00
2021-11-06,22540.00,22570.00,22770.00
2021-11-07,22540.00,22570.00,22770.00
2021-11-08,22530.00,22560.00,22760.00
2021-11-09,22530.00,22560.00,22760.00
2021-11-10,22530.00,22560.00,22760.00
2021-11-11,22515.00,22545.00,22745.00
2021-11-12,22515.00,22545.00,22745.00
2021-11-13,22515.00,22545.00,22745.00
2021-11-14,22515.00,22545.00,22745.00
2021-11-15,22520.00,22550.00,22750.00
2021-11-16,22520.00,22550.00,22750.00
2021-11-17,22520.00,22550.00,22750.00
2021-11-18,22520.00,22550.00,22750.00
2021-11-19,22525.00,22555.00,22755.00
2021-11-20,22525.00,22555.00,22755.00
2021-11-21,22525.00,22555.00,22755.00
2021-11-22,22540.00,22570.00,22770.00
2021-11-23,22545.00,22575.00,22775.00
2021-11-24,22555.00,22585.00,22785.00
2021-11-25,22545.00,22575.00,22775.00
2021-11-26,22545.00,22575.00,22775.00
2021-11-27,22545.00,22575.00,22775.00
2021-11-28,22545.00,22575.00,22775.00
2021-11-29,22560.00,22590.00,22790.00
2021-11-30,22570.00,22600.00,22800.00
2021-12-01,22580.00,22610.00,22810.00
2021-12-02,22600.00,22630.00,22830.00
2021-12-03,22670.00,22700.00,22940.00
2021-12-04,22670.00,22700.00,22940.00
2021-12-05,22670.00,22700.00,22940.00
2021-12-06,22950.00,22980.00,23220.00
2021-12-07,22930.00,22960.00,23200.00
2021-12-08,22810.00,22840.00,23080.00
2021-12-09,22830.00,22860.00,23100.00
2021-12-10,22830.00,22860.00,23100.00
2021-12-11,22830.00,22860.00,23100.00
2021-12-12,22830.00,22860.00,23100.00
2021-12-13,22820.00,22850.00,23090.00
2021-12-14,22840.00,22870.00,23110.00
2021-12-15,22870.00,22900.00,23140.00
2021-12-16,22850.00,22880.00,23120.00
2021-12-17,22790.00,22820.00,23100.00
2021-12-18,22790.00,22820.00,23100.00
2021-12-19,22790.00,22820.00,23100.00
2021-12-20,22760.00,22790.00,23070.00
2021-12-21,22730.00,22760.00,23040.00
2021-12-22,22780.00,22810.00,23090.00
2021-12-23,22785.00,22815.00,23095.00
2021-12-24,22700.00,22730.00,23010.00
2021-12-25,22700.00,22730.00,23010.00
2021-12-26,22700.00,22730.00,23010.00
2021-12-27,22620.00,22650.00,22930.00
2021-12-28,22670.00,22700.00,22980.00
2021-12-29,22670.00,22700.00,22980.00
2021-12-30,22610.00,22640.00,22920.00
2021-12-31,22610.00,22640.00,22920.00
2022-01-01,22610.00,22640.00,22920.00
2022-01-02,22610.00,22640.00,22920.00
2022-01-03,22610.00,22640.00,22920.00
2022-01-04,22610.00,22640.00,22920.00
2022-01-05,22590.00,22620.00,22900.00
2022-01-06,22590.00,22620.00,22900.00
2022-01-07,22540.00,22570.00,22850.00
2022-01-08,22540.00,22570.00,22850.00
2022-01-09,22540.00,22570.00,22850.00
2022-01-10,22510.00,22540.00,22820.00
2022-01-11,22530.00,22560.00,22840.00
2022-01-12,22530.00,22560.00,22840.00
2022-01-13,22530.00,22560.00,22840.00
2022-01-14,22540.00,22570.00,22850.00
2022-01-15,22540.00,22570.00,22850.00
2022-01-16,22540.00,22570.00,22850.00
2022-01-17,22540.00,22570.00,22850.00
2022-01-18,22560.00,22590.00,22870.00
2022-01-19,22530.00,22560.00,22840.00
2022-01-20,22470.00,22500.00,22780.00
2022-01-21,22450.00,22480.00,22760.00
2022-01-22,22450.00,22480.00,22760.00
2022-01-23,22450.00,22480.00,22760.00
2022-01-24,22500.00,22530.00,22810.00
2022-01-25,22470.00,22500.00,22780.00
2022-01-26,22460.00,22490.00,22770.00
2022-01-27,22470.00,22500.00,22780.00
2022-01-28,22470.00,22500.00,22780.00
2022-01-29,22470.00,22500.00,22780.00
2022-01-30,22470.00,22500.00,22780.00
2022-01-31,22470.00,22500.00,22780.00
2022-02-01,22470.00,22500.00,22780.00
2022-02-02,22470.00,22500.00,22780.00
2022-02-03,22470.00,22500.00,22780.00
2022-02-04,22470.00,22500.00,22780.00
2022-02-05,22470.00,22500.00,22780.00
2022-02-06,22470.00,22500.00,22780.00
2022-02-07,22500.00,22530.00,22810.00
2022-02-08,22570.00,22600.00,22880.00
2022-02-09,22520.00,22550.00,22830.00
2022-02-10,22510.00,22540.00,22820.00
2022-02-11,22520.00,22550.00,22830.00
2022-02-12,22520.00,22550.00,22830.00
2022-02-13,22520.00,22550.00,22830.00
2022-02-14,22550.00,22580.00,22860.00
2022-02-15,22580.00,22610.00,22890.00
2022-02-16,22590.00,22620.00,22900.00
2022-02-17,22620.00,22650.00,22930.00
2022-02-18,22670.00,22700.00,22980.00
2022-02-19,22670.00,22700.00,22980.00
2022-02-20,22670.00,22700.00,22980.00
2022-02-21,22620.00,22650.00,22930.00
2022-02-22,22630.00,22660.00,22940.00
2022-02-23,22650.00,22680.00,22960.00
2022-02-24,22650.00,22680.00,22960.00
2022-02-25,22650.00,22680.00,22960.00
2022-02-26,22650.00,22680.00,22960.00
2022-02-27,22650.00,22680.00,22960.00
2022-02-28,22640.00,22670.00,22950.00
2022-03-01,22640.00,22670.00,22950.00
2022-03-02,22670.00,22700.00,22980.00
2022-03-03,22670.00,22700.00,22980.00
2022-03-04,22670.00,22700.00,22980.00
2022-03-05,22670.00,22700.00,22980.00
2022-03-06,22670.00,22700.00,22980.00
2022-03-07,22680.00,22710.00,22990.00
2022-03-08,22680.00,22710.00,22990.00
2022-03-09,22680.00,22710.00,22990.00
2022-03-10,22670.00,22700.00,22980.00
2022-03-11,22700.00,22730.00,23010.00
2022-03-12,22700.00,22730.00,23010.00
2022-03-13,22700.00,22730.00,23010.00
2022-03-14,22720.00,22750.00,23030.00
2022-03-15,22720.00,22750.00,23030.00
2022-03-16,22710.00,22740.00,23020.00
2022-03-17,22710.00,22740.00,23020.00
2022-03-18,22690.00,22720.00,23000.00
2022-03-19,22690.00,22720.00,23000.00
2022-03-20,22690.00,22720.00,23000.00
2022-03-21,22700.00,22730.00,23010.00
2022-03-22,22705.00,22735.00,23015.00
2022-03-23,22710.00,22740.00,23020.00
2022-03-24,22705.00,22735.00,23015.00
2022-03-25,22700.00,22730.00,23010.00
2022-03-26,22700.00,22730.00,23010.00
2022-03-27,22700.00,22730.00,23010.00
2022-03-28,22705.00,22735.00,23015.00
2022-03-29,22710.00,22740.00,23020.00
2022-03-30,22690.00,22720.00,23000.00
2022-03-31,22670.00,22700.00,22980.00
2022-04-01,22670.00,22700.00,22980.00
2022-04-02,22670.00,22700.00,22980.00
2022-04-03,22670.00,22700.00,22980.00
2022-04-04,22670.00,22700.00,22980.00
2022-04-05,22700.00,22730.00,23010.00
2022-04-06,22700.00,22730.00,23010.00
2022-04-07,22690.00,22720.00,23000.00
2022-04-08,22690.00,22720.00,23000.00
2022-04-09,22690.00,22720.00,23000.00
2022-04-10,22690.00,22720.00,23000.00
2022-04-11,22690.00,22720.00,23000.00
2022-04-12,22715.00,22745.00,23025.00
2022-04-13,22710.00,22740.00,23020.00
2022-04-14,22730.00,22760.00,23040.00
2022-04-15,22730.00,22760.00,23040.00
2022-04-16,22730.00,22760.00,23040.00
2022-04-17,22730.00,22760.00,23040.00
2022-04-18,22750.00,22780.00,23060.00
2022-04-19,22785.00,22815.00,23095.00
2022-04-20,22795.00,22825.00,23105.00
2022-04-21,22795.00,22825.00,23105.00
2022-04-22,22800.00,22830.00,23110.00
2022-04-23,22800.00,22830.00,23110.00
2022-04-24,22800.00,22830.00,23110.00
2022-04-25,22810.00,22840.00,23120.00
2022-04-26,22810.00,22840.00,23120.00
2022-04-27,22795.00,22825.00,23105.00
2022-04-28,22780.00,22810.00,23090.00
2022-04-29,22785.00,22815.00,23095.00
2022-04-30,22785.00,22815.00,23095.00
2022-05-01,22785.00,22815.00,23095.00
2022-05-02,22785.00,22815.00,23095.00
2022-05-03,22785.00,22815.00,23095.00
2022-05-04,22800.00,22830.00,23110.00
2022-05-05,22780.00,22810.00,23090.00
2022-05-06,22780.00,22810.00,23090.00
2022-05-07,22780.00,22810.00,23090.00
2022-05-08,22780.00,22810.00,23090.00
2022-05-09,22785.00,22815.00,23095.00
2022-05-10,22765.00,22795.00,23075.00
2022-05-11,22890.00,22920.00,23200.00
2022-05-12,22920.00,22950.00,23230.00
2022-05-13,22920.00,22950.00,23230.00
2022-05-14,22920.00,22950.00,23230.00
2022-05-15,22920.00,22950.00,23230.00
2022-05-16,22920.00,22950.00,23230.00
2022-05-17,22960.00,22990.00,23270.00
2022-05-18,22970.00,23000.00,23280.00
2022-05-19,22995.00,23025.00,23305.00
2022-05-20,23000.00,23030.00,23310.00
2022-05-21,23000.00,23030.00,23310.00
2022-05-22,23000.00,23030.00,23310.00
2022-05-23,23005.00,23035.00,23315.00
2022-05-24,23040.00,23070.00,23350.00
2022-05-25,23040.00,23070.00,23350.00
2022-05-26,23030.00,23060.00,23340.00
2022-05-27,23030.00,23060.00,23340.00
2022-05-28,23030.00,23060.00,23340.00
2022-05-29,23030.00,23060.00,23340.00
2022-05-30,23020.00,23050.00,23330.00
2022-05-31,23020.00,23050.00,23330.00
2022-06-01,23030.00,23060.00,23340.00
2022-06-02,23040.00,23070.00,23350.00
2022-06-03,23030.00,23060.00,23340.00
2022-06-04,23030.00,23060.00,23340.00
2022-06-05,23030.00,23060.00,23340.00
2022-06-06,23025.00,23055.00,23335.00
2022-06-07,23015.00,23045.00,23325.00
2022-06-08,23020.00,23050.00,23330.00
2022-06-09,23000.00,23030.00,23310.00
2022-06-10,23000.00,23030.00,23310.00
2022-06-11,23000.00,23030.00,23310.00
2022-06-12,23000.00,23030.00,23310.00
2022-06-13,23030.00,23060.00,23340.00
2022-06-14,23060.00,23090.00,23370.00
2022-06-15,23050.00,23080.00,23360.00
2022-06-16,23060.00,23090.00,23370.00
2022-06-17,23070.00,23100.00,23380.00
2022-06-18,23070.00,23100.00,23380.00
2022-06-19,23070.00,23100.00,23380.00
2022-06-20,23070.00,23100.00,23380.00
2022-06-21,23070.00,23100.00,23380.00
2022-06-22,23075.00,23105.00,23385.00
2022-06-23,23080.00,23110.00,23390.00
2022-06-24,23080.00,23110.00,23390.00
2022-06-25,23080.00,23110.00,23390.00
2022-06-26,23080.00,23110.00,23390.00
2022-06-27,23080.00,23110.00,23390.00
2022-06-28,23080.00,23110.00,23390.00
2022-06-29,23070.00,23100.00,23380.00
2022-06-30,23105.00,23135.00,23415.00
2022-07-01,23130.00,23160.00,23440.00
2022-07-02,23130.00,23160.00,23440.00
2022-07-03,23130.00,23160.00,23440.00
2022-07-04,23160.00,23190.00,23470.00
2022-07-05,23180.00,23210.00,23490.00
2022-07-06,23195.00,23225.00,23505.00
2022-07-07,23180.00,23210.00,23490.00
2022-07-08,23190.00,23220.00,23500.00
2022-07-09,23190.00,23220.00,23500.00
2022-07-10,23190.00,23220.00,23500.00
2022-07-11,23180.00,23210.00,23490.00
2022-07-12,23210.00,23240.00,23520.00
2022-07-13,23220.00,23250.00,23530.00
2022-07-14,23235.00,23265.00,23545.00
2022-07-15,23270.00,23300.00,23580.00
2022-07-16,23270.00,23300.00,23580.00
2022-07-17,23270.00,23300.00,23580.00
2022-07-18,23280.00,23310.00,23590.00
2022-07-19,23260.00,23290.00,23570.00
2022-07-20,23250.00,23280.00,23560.00
2022-07-21,23250.00,23280.00,23560.00
2022-07-22,23240.00,23270.00,23550.00
2022-07-23,23240.00,23270.00,23550.00
2022-07-24,23240.00,23270.00,23550.00
2022-07-25,23220.00,23250.00,23530.00
2022-07-26,23185.00,23215.00,23495.00
2022-07-27,23200.00,23230.00,23510.00
2022-07-28,23210.00,23240.00,23520.00
2022-07-29,23170.00,23200.00,23480.00
2022-07-30,23170.00,23200.00,23480.00
2022-07-31,23170.00,23200.00,23480.00
2022-08-01,23180.00,23210.00,23490.00
2022-08-02,23190.00,23220.00,23500.00
2022-08-03,23220.00,23250.00,23530.00
2022-08-04,23230.00,23260.00,23540.00
2022-08-05,23220.00,23250.00,23530.00
2022-08-06,23220.00,23250.00,23530.00
2022-08-07,23220.00,23250.00,23530.00
2022-08-08,23220.00,23250.00,23530.00
2022-08-09,23220.00,23250.00,23530.00
2022-08-10,23220.00,23250.00,23530.00
2022-08-11,23220.00,23250.00,23530.00
2022-08-12,23220.00,23250.00,23530.00
2022-08-13,23220.00,23250.00,23530.00
2022-08-14,23220.00,23250.00,23530.00
2022-08-15,23230.00,23260.00,23540.00
2022-08-16,23230.00,23260.00,23540.00
2022-08-17,23235.00,23265.00,23545.00
2022-08-18,23230.00,23260.00,23540.00
2022-08-19,23235.00,23265.00,23545.00
2022-08-20,23235.00,23265.00,23545.00
2022-08-21,23235.00,23265.00,23545.00
2022-08-22,23235.00,23265.00,23545.00
2022-08-23,23260.00,23290.00,23570.00
2022-08-24,23300.00,23330.00,23610.00
2022-08-25,23250.00,23280.00,23560.00
2022-08-26,23260.00,23290.00,23570.00
2022-08-27,23260.00,23290.00,23570.00
2022-08-28,23260.00,23290.00,23570.00
2022-08-29,23240.00,23270.00,23550.00
2022-08-30,23260.00,23290.00,23570.00
2022-08-31,23290.00,23320.00,23600.00
2022-09-01,23290.00,23320.00,23600.00
2022-09-02,23290.00,23320.00,23600.00
2022-09-03,23290.00,23320.00,23600.00
2022-09-04,23290.00,23320.00,23600.00
2022-09-05,23370.00,23400.00,23680.00
2022-09-06,23370.00,23400.00,23680.00
2022-09-07,23430.00,23460.00,23740.00
2022-09-08,23360.00,23390.00,23670.00
2022-09-09,23380.00,23410.00,23690.00
2022-09-10,23380.00,23410.00,23690.00
2022-09-11,23380.00,23410.00,23690.00
2022-09-12,23360.00,23390.00,23670.00
2022-09-13,23380.00,23410.00,23690.00
2022-09-14,23420.00,23450.00,23730.00
2022-09-15,23430.00,23460.00,23740.00
2022-09-16,23485.00,23515.00,23795.00
2022-09-17,23485.00,23515.00,23795.00
2022-09-18,23485.00,23515.00,23795.00
2022-09-19,23500.00,23530.00,23810.00
2022-09-20,23500.00,23530.00,23810.00
2022-09-21,23515.00,23545.00,23825.00
2022-09-22,23535.00,23565.00,23845.00
2022-09-23,23535.00,23565.00,23845.00
2022-09-24,23535.00,23565.00,23845.00
2022-09-25,23535.00,23565.00,23845.00
2022-09-26,23560.00,23590.00,23870.00
2022-09-27,23565.00,23595.00,23875.00
2022-09-28,23580.00,23610.00,23890.00
2022-09-29,23640.00,23670.00,23950.00
2022-09-30,23700.00,23730.00,24010.00
2022-10-01,23700.00,23730.00,24010.00
2022-10-02,23700.00,23730.00,24010.00
2022-10-03,23730.00,23760.00,24040.00
2022-10-04,23720.00,23750.00,24030.00
2022-10-05,23710.00,23740.00,24020.00
2022-10-06,23705.00,23735.00,24015.00
2022-10-07,23710.00,23740.00,24020.00
2022-10-08,23710.00,23740.00,24020.00
2022-10-09,23710.00,23740.00,24020.00
2022-10-10,23710.00,23740.00,24020.00
2022-10-11,23760.00,23790.00,24070.00
2022-10-12,23770.00,23800.00,24080.00
2022-10-13,23890.00,23920.00,24200.00
2022-10-14,23920.00,23950.00,24230.00
2022-10-15,23920.00,23950.00,24230.00
2022-10-16,23920.00,23950.00,24230.00
2022-10-17,24130.00,24160.00,24440.00
2022-10-18,24240.00,24270.00,24550.00
2022-10-19,24320.00,24350.00,24630.00
2022-10-20,24360.00,24390.00,24670.00
2022-10-21,24560.00,24590.00,24870.00
2022-10-22,24560.00,24590.00,24870.00
2022-10-23,24560.00,24590.00,24870.00
2022-10-24,24575.00,24605.00,24885.00
2022-10-25,24578.00,24608.00,24888.00
2022-10-26,24572.00,24602.00,24882.00
2022-10-27,24567.00,24597.00,24877.00
2022-10-28,24567.00,24597.00,24877.00
2022-10-29,24567.00,24597.00,24877.00
2022-10-30,24567.00,24597.00,24877.00
2022-10-31,24569.00,24599.00,24879.00
2022-11-01,24571.00,24601.00,24881.00
2022-11-02,24562.00,24592.00,24872.00
2022-11-03,24561.00,24591.00,24871.00
2022-11-04,24567.00,24597.00,24877.00
2022-11-05,24567.00,24597.00,24877.00
2022-11-06,24567.00,24597.00,24877.00
2022-11-07,24604.00,24634.00,24874.00
2022-11-08,24692.00,24722.00,24872.00
2022-11-09,24692.00,24722.00,24872.00
2022-11-10,24690.00,24720.00,24870.00
2022-11-11,24630.00,24660.00,24860.00
2022-11-12,24630.00,24660.00,24860.00
2022-11-13,24630.00,24660.00,24860.00
2022-11-14,24575.00,24605.00,24855.00
2022-11-15,24580.00,24610.00,24860.00
2022-11-16,24580.00,24610.00,24860.00
2022-11-17,24580.00,24610.00,24860.00
2022-11-18,24578.00,24608.00,24858.00
2022-11-19,24578.00,24608.00,24858.00
2022-11-20,24578.00,24608.00,24858.00
2022-11-21,24577.00,24607.00,24857.00
2022-11-22,24627.00,24657.00,24857.00
2022-11-23,24625.00,24655.00,24855.00
2022-11-24,24624.00,24654.00,24854.00
2022-11-25,24570.00,24600.00,24840.00
2022-11-26,24570.00,24600.00,24840.00
2022-11-27,24570.00,24600.00,24840.00
2022-11-28,24570.00,24600.00,24840.00
2022-11-29,24580.00,24610.00,24850.00
2022-11-30,24490.00,24520.00,24800.00
2022-12-01,24330.00,24360.00,24640.00
2022-12-02,23930.00,23960.00,24240.00
2022-12-03,23930.00,23960.00,24240.00
2022-12-04,23930.00,23960.00,24240.00
2022-12-05,23760.00,23790.00,24070.00
2022-12-06,23870.00,23900.00,24180.00
2022-12-07,23710.00,23740.00,24020.00
2022-12-08,23570.00,23600.00,23880.00
2022-12-09,23390.00,23420.00,23700.00
2022-12-10,23390.00,23420.00,23700.00
2022-12-11,23390.00,23420.00,23700.00
2022-12-12,23530.00,23560.00,23840.00
2022-12-13,23440.00,23470.00,23750.00
2022-12-14,23340.00,23370.00,23650.00
2022-12-15,23320.00,23350.00,23630.00
2022-12-16,23410.00,23440.00,23720.00
2022-12-17,23410.00,23440.00,23720.00
2022-12-18,23410.00,23440.00,23720.00
2022-12-19,23510.00,23540.00,23820.00
2022-12-20,23570.00,23600.00,23880.00
2022-12-21,23550.00,23580.00,23860.00
2022-12-22,23510.00,23540.00,23820.00
2022-12-23,23400.00,23430.00,23750.00
2022-12-24,23400.00,23430.00,23750.00
2022-12-25,23400.00,23430.00,23750.00
2022-12-26,23450.00,23480.00,23800.00
2022-12-27,23400.00,23430.00,23750.00
2022-12-28,23400.00,23430.00,23750.00
2022-12-29,23430.00,23460.00,23780.00
2022-12-30,23380.00,23410.00,23730.00
2022-12-31,23380.00,23410.00,23730.00
2023-01-01,23380.00,23410.00,23730.00
2023-01-02,23380.00,23410.00,23730.00
2023-01-03,23340.00,23370.00,23690.00
2023-01-04,23320.00,23350.00,23670.00
2023-01-05,23310.00,23340.00,23660.00
2023-01-06,23280.00,23310.00,23630.00
2023-01-07,23280.00,23310.00,23630.00
2023-01-08,23280.00,23310.00,23630.00
2023-01-09,23270.00,23300.00,23620.00
2023-01-10,23270.00,23300.00,23620.00
2023-01-11,23260.00,23290.00,23610.00
2023-01-12,23260.00,23290.00,23610.00
2023-01-13,23260.00,23290.00,23610.00
2023-01-14,23260.00,23290.00,23610.00
2023-01-15,23260.00,23290.00,23610.00
2023-01-16,23260.00,23290.00,23610.00
2023-01-17,23250.00,23280.00,23600.00
2023-01-18,23250.00,23280.00,23600.00
2023-01-19,23250.00,23280.00,23620.00
2023-01-20,23250.00,23280.00,23620.00
2023-01-21,23250.00,23280.00,23620.00
2023-01-22,23250.00,23280.00,23620.00
2023-01-23,23250.00,23280.00,23620.00
2023-01-24,23250.00,23280.00,23620.00
2023-01-25,23250.00,23280.00,23620.00
2023-01-26,23250.00,23280.00,23620.00
2023-01-27,23260.00,23290.00,23630.00
2023-01-28,23260.00,23290.00,23630.00
2023-01-29,23260.00,23290.00,23630.00
2023-01-30,23250.00,23280.00,23620.00
2023-01-31,23250.00,23280.00,23620.00
2023-02-01,23250.00,23280.00,23620.00
2023-02-02,23250.00,23280.00,23620.00
2023-02-03,23250.00,23280.00,23620.00
2023-02-04,23250.00,23280.00,23620.00
2023-02-05,23250.00,23280.00,23620.00
2023-02-06,23270.00,23300.00,23640.00
2023-02-07,23420.00,23450.00,23790.00
2023-02-08,23400.00,23430.00,23770.00
2023-02-09,23360.00,23390.00,23730.00
2023-02-10,23375.00,23405.00,23745.00
2023-02-11,23375.00,23405.00,23745.00
2023-02-12,23375.00,23405.00,23745.00
2023-02-13,23400.00,23430.00,23770.00
2023-02-14,23400.00,23430.00,23770.00
2023-02-15,23420.00,23450.00,23790.00
2023-02-16,23470.00,23500.00,23840.00
2023-02-17,23610.00,23640.00,23980.00
2023-02-18,23610.00,23640.00,23980.00
2023-02-19,23610.00,23640.00,23980.00
2023-02-20,23530.00,23560.00,23900.00
2023-02-21,23510.00,23540.00,23880.00
2023-02-22,23580.00,23610.00,23950.00
2023-02-23,23620.00,23650.00,23990.00
2023-02-24,23600.00,23630.00,23970.00
2023-02-25,23600.00,23630.00,23970.00
2023-02-26,23600.00,23630.00,23970.00
2023-02-27,23620.00,23650.00,23990.00
2023-02-28,23570.00,23600.00,23940.00
2023-03-01,23550.00,23580.00,23920.00
2023-03-02,23505.00,23535.00,23875.00
2023-03-03,23520.00,23550.00,23890.00
2023-03-04,23520.00,23550.00,23890.00
2023-03-05,23520.00,23550.00,23890.00
2023-03-06,23500.00,23530.00,23870.00
2023-03-07,23460.00,23490.00,23830.00
2023-03-08,23510.00,23540.00,23880.00
2023-03-09,23505.00,23535.00,23875.00
2023-03-10,23470.00,23500.00,23840.00
2023-03-11,23470.00,23500.00,23840.00
2023-03-12,23470.00,23500.00,23840.00
2023-03-13,23370.00,23400.00,23740.00
2023-03-14,23370.00,23400.00,23740.00
2023-03-15,23380.00,23410.00,23750.00
2023-03-16,23380.00,23410.00,23750.00
2023-03-17,23380.00,23410.00,23750.00
2023-03-18,23380.00,23410.00,23750.00
2023-03-19,23380.00,23410.00,23750.00
2023-03-20,23380.00,23410.00,23750.00
2023-03-21,23380.00,23410.00,23750.00
2023-03-22,23320.00,23350.00,23690.00
2023-03-23,23300.00,23330.00,23670.00
2023-03-24,23310.00,23340.00,23680.00
2023-03-25,23310.00,23340.00,23680.00
2023-03-26,23310.00,23340.00,23680.00
2023-03-27,23310.00,23340.00,23680.00
2023-03-28,23290.00,23320.00,23660.00
2023-03-29,23280.00,23310.00,23650.00
2023-03-30,23270.00,23300.00,23640.00
2023-03-31,23260.00,23290.00,23630.00
2023-04-01,23260.00,23290.00,23630.00
2023-04-02,23260.00,23290.00,23630.00
2023-04-03,23280.00,23310.00,23650.00
2023-04-04,23265.00,23295.00,23635.00
2023-04-05,23250.00,23280.00,23620.00
2023-04-06,23250.00,23280.00,23620.00
2023-04-07,23250.00,23280.00,23620.00
2023-04-08,23250.00,23280.00,23620.00
2023-04-09,23250.00,23280.00,23620.00
2023-04-10,23250.00,23280.00,23620.00
2023-04-11,23260.00,23290.00,23630.00
2023-04-12,23260.00,23290.00,23630.00
2023-04-13,23240.00,23270.00,23610.00
2023-04-14,23250.00,23280.00,23620.00
2023-04-15,23250.00,23280.00,23620.00
2023-04-16,23250.00,23280.00,23620.00
2023-04-17,23290.00,23320.00,23660.00
2023-04-18,23330.00,23360.00,23700.00
2023-04-19,23275.00,23305.00,23645.00
2023-04-20,23290.00,23320.00,23660.00
2023-04-21,23290.00,23320.00,23660.00
2023-04-22,23290.00,23320.00,23660.00
2023-04-23,23290.00,23320.00,23660.00
2023-04-24,23280.00,23310.00,23650.00
2023-04-25,23280.00,23310.00,23650.00
2023-04-26,23280.00,23310.00,23650.00
2023-04-27,23260.00,23290.00,23630.00
2023-04-28,23260.00,23290.00,23630.00
2023-04-29,23260.00,23290.00,23630.00
2023-04-30,23260.00,23290.00,23630.00
2023-05-01,23260.00,23290.00,23630.00
2023-05-02,23260.00,23290.00,23630.00
2023-05-03,23260.00,23290.00,23630.00
2023-05-04,23250.00,23280.00,23620.00
2023-05-05,23250.00,23280.00,23620.00
2023-05-06,23250.00,23280.00,23620.00
2023-05-07,23250.00,23280.00,23620.00
2023-05-08,23260.00,23290.00,23630.00
2023-05-09,23260.00,23290.00,23630.00
2023-05-10,23270.00,23300.00,23640.00
2023-05-11,23270.00,23300.00,23640.00
2023-05-12,23270.00,23300.00,23640.00
2023-05-13,23270.00,23300.00,23640.00
2023-05-14,23270.00,23300.00,23640.00
2023-05-15,23250.00,23280.00,23620.00
2023-05-16,23250.00,23280.00,23620.00
2023-05-17,23255.00,23285.00,23625.00
2023-05-18,23250.00,23280.00,23620.00
2023-05-19,23290.00,23320.00,23660.00
2023-05-20,23290.00,23320.00,23660.00
2023-05-21,23290.00,23320.00,23660.00
2023-05-22,23245.00,23275.00,23615.00
2023-05-23,23260.00,23290.00,23630.00
2023-05-24,23290.00,23320.00,23660.00
2023-05-25,23270.00,23300.00,23640.00
2023-05-26,23290.00,23320.00,23660.00
2023-05-27,23290.00,23320.00,23660.00
2023-05-28,23290.00,23320.00,23660.00
2023-05-29,23280.00,23310.00,23650.00
2023-05-30,23285.00,23315.00,23655.00
2023-05-31,23295.00,23325.00,23665.00
2023-06-01,23280.00,23310.00,23650.00
2023-06-02,23280.00,23310.00,23650.00
2023-06-03,23280.00,23310.00,23650.00
2023-06-04,23280.00,23310.00,23650.00
2023-06-05,23300.00,23330.00,23670.00
2023-06-06,23290.00,23320.00,23660.00
2023-06-07,23290.00,23320.00,23660.00
2023-06-08,23290.00,23320.00,23660.00
2023-06-09,23280.00,23310.00,23650.00
2023-06-10,23280.00,23310.00,23650.00
2023-06-11,23280.00,23310.00,23650.00
2023-06-12,23270.00,23300.00,23640.00
2023-06-13,23290.00,23320.00,23660.00
2023-06-14,23300.00,23330.00,23670.00
2023-06-15,23330.00,23360.00,23700.00
2023-06-16,23330.00,23360.00,23700.00
2023-06-17,23330.00,23360.00,23700.00
2023-06-18,23330.00,23360.00,23700.00
2023-06-19,23320.00,23350.00,23690.00
2023-06-20,23320.00,23350.00,23690.00
2023-06-21,23310.00,23340.00,23680.00
2023-06-22,23310.00,23340.00,23680.00
2023-06-23,23320.00,23350.00,23690.00
2023-06-24,23320.00,23350.00,23690.00
2023-06-25,23320.00,23350.00,23690.00
2023-06-26,23330.00,23360.00,23700.00
2023-06-27,23340.00,23370.00,23710.00
2023-06-28,23350.00,23380.00,23720.00
2023-06-29,23360.00,23390.00,23730.00
2023-06-30,23380.00,23410.00,23750.00
2023-07-01,23380.00,23410.00,23750.00
2023-07-02,23380.00,23410.00,23750.00
2023-07-03,23450.00,23480.00,23820.00
2023-07-04,23490.00,23520.00,23860.00
2023-07-05,23550.00,23580.00,23920.00
2023-07-06,23530.00,23560.00,23900.00
2023-07-07,23440.00,23470.00,23810.00
2023-07-08,23440.00,23470.00,23810.00
2023-07-09,23440.00,23470.00,23810.00
2023-07-10,23450.00,23480.00,23820.00
2023-07-11,23490.00,23520.00,23860.00
2023-07-12,23480.00,23510.00,23850.00
2023-07-13,23445.00,23475.00,23815.00
2023-07-14,23440.00,23470.00,23810.00
2023-07-15,23440.00,23470.00,23810.00
2023-07-16,23440.00,23470.00,23810.00
2023-07-17,23430.00,23460.00,23800.00
2023-07-18,23440.00,23470.00,23810.00
2023-07-19,23435.00,23465.00,23805.00
2023-07-20,23440.00,23470.00,23810.00
2023-07-21,23450.00,23480.00,23820.00
2023-07-22,23450.00,23480.00,23820.00
2023-07-23,23450.00,23480.00,23820.00
2023-07-24,23455.00,23485.00,23825.00
2023-07-25,23460.00,23490.00,23830.00
2023-07-26,23465.00,23495.00,23835.00
2023-07-27,23470.00,23500.00,23840.00
2023-07-28,23490.00,23520.00,23860.00
2023-07-29,23490.00,23520.00,23860.00
2023-07-30,23490.00,23520.00,23860.00
2023-07-31,23485.00,23515.00,23855.00
2023-08-01,23490.00,23520.00,23860.00
2023-08-02,23525.00,23555.00,23895.00
2023-08-03,23550.00,23580.00,23920.00
2023-08-04,23520.00,23550.00,23890.00
2023-08-05,23520.00,23550.00,23890.00
2023-08-06,23520.00,23550.00,23890.00
2023-08-07,23520.00,23550.00,23890.00
2023-08-08,23525.00,23555.00,23895.00
2023-08-09,23540.00,23570.00,23910.00
2023-08-10,23540.00,23570.00,23910.00
2023-08-11,23540.00,23570.00,23910.00
2023-08-12,23540.00,23570.00,23910.00
2023-08-13,23540.00,23570.00,23910.00
2023-08-14,23620.00,23650.00,23990.00
2023-08-15,23770.00,23800.00,24140.00
2023-08-16,23755.00,23785.00,24125.00
2023-08-17,23670.00,23700.00,24040.00
2023-08-18,23600.00,23630.00,23970.00
2023-08-19,23600.00,23630.00,23970.00
2023-08-20,23600.00,23630.00,23970.00
2023-08-21,23600.00,23630.00,23970.00
2023-08-22,23700.00,23730.00,24070.00
2023-08-23,23770.00,23800.00,24140.00
2023-08-24,23780.00,23810.00,24150.00
2023-08-25,23780.00,23810.00,24150.00
2023-08-26,23780.00,23810.00,24150.00
2023-08-27,23780.00,23810.00,24150.00
2023-08-28,23890.00,23920.00,24260.00
2023-08-29,23980.00,24010.00,24350.00
2023-08-30,23945.00,23975.00,24315.00
2023-08-31,23870.00,23900.00,24240.00
2023-09-01,23870.00,23900.00,24240.00
2023-09-02,23870.00,23900.00,24240.00
2023-09-03,23870.00,23900.00,24240.00
2023-09-04,23870.00,23900.00,24240.00
2023-09-05,23870.00,23900.00,24240.00
2023-09-06,23850.00,23880.00,24220.00
2023-09-07,23850.00,23880.00,24220.00
2023-09-08,23890.00,23920.00,24260.00
2023-09-09,23890.00,23920.00,24260.00
2023-09-10,23890.00,23920.00,24260.00
2023-09-11,23855.00,23885.00,24225.00
2023-09-12,23890.00,23920.00,24260.00
2023-09-13,23950.00,23980.00,24320.00
2023-09-14,24015.00,24045.00,24385.00
2023-09-15,24055.00,24085.00,24425.00
2023-09-16,24055.00,24085.00,24425.00
2023-09-17,24055.00,24085.00,24425.00
2023-09-18,24160.00,24190.00,24530.00
2023-09-19,24175.00,24205.00,24545.00
2023-09-20,24110.00,24140.00,24480.00
2023-09-21,24090.00,24120.00,24460.00
2023-09-22,24160.00,24190.00,24530.00
2023-09-23,24160.00,24190.00,24530.00
2023-09-24,24160.00,24190.00,24530.00
2023-09-25,24165.00,24195.00,24535.00
2023-09-26,24170.00,24200.00,24540.00
2023-09-27,24170.00,24200.00,24540.00
2023-09-28,24190.00,24220.00,24560.00
2023-09-29,24090.00,24120.00,24460.00
2023-09-30,24090.00,24120.00,24460.00
2023-10-01,24090.00,24120.00,24460.00
2023-10-02,24120.00,24150.00,24490.00
2023-10-03,24180.00,24210.00,24550.00
2023-10-04,24210.00,24240.00,24580.00
2023-10-05,24190.00,24220.00,24560.00
2023-10-06,24180.00,24210.00,24550.00
2023-10-07,24180.00,24210.00,24550.00
2023-10-08,24180.00,24210.00,24550.00
2023-10-09,24180.00,24210.00,24550.00
2023-10-10,24215.00,24245.00,24585.00
2023-10-11,24235.00,24265.00,24605.00
2023-10-12,24240.00,24270.00,24610.00
2023-10-13,24245.00,24275.00,24615.00
2023-10-14,24245.00,24275.00,24615.00
2023-10-15,24245.00,24275.00,24615.00
2023-10-16,24260.00,24290.00,24630.00
2023-10-17,24298.00,24328.00,24668.00
2023-10-18,24320.00,24350.00,24690.00
2023-10-19,24340.00,24370.00,24710.00
2023-10-20,24330.00,24360.00,24700.00
2023-10-21,24330.00,24360.00,24700.00
2023-10-22,24330.00,24360.00,24700.00
2023-10-23,24390.00,24420.00,24760.00
2023-10-24,24360.00,24390.00,24730.00
2023-10-25,24350.00,24380.00,24720.00
2023-10-26,24390.00,24420.00,24760.00
2023-10-27,24360.00,24390.00,24730.00
2023-10-28,24360.00,24390.00,24730.00
2023-10-29,24360.00,24390.00,24730.00
2023-10-30,24355.00,24385.00,24725.00
2023-10-31,24360.00,24390.00,24730.00
2023-11-01,24380.00,24410.00,24750.00
2023-11-02,24380.00,24410.00,24750.00
2023-11-03,24320.00,24350.00,24690.00
2023-11-04,24320.00,24350.00,24690.00
2023-11-05,24320.00,24350.00,24690.00
2023-11-06,24130.00,24160.00,24500.00
2023-11-07,24120.00,24150.00,24490.00
2023-11-08,24160.00,24190.00,24530.00
2023-11-09,24160.00,24190.00,24530.00
2023-11-10,24100.00,24130.00,24470.00
2023-11-11,24100.00,24130.00,24470.00
2023-11-12,24100.00,24130.00,24470.00
2023-11-13,24170.00,24200.00,24540.00
2023-11-14,24160.00,24190.00,24530.00
2023-11-15,24070.00,24100.00,24440.00
2023-11-16,24085.00,24115.00,24455.00
2023-11-17,24045.00,24075.00,24415.00
2023-11-18,24045.00,24075.00,24415.00
2023-11-19,24045.00,24075.00,24415.00
2023-11-20,23975.00,24005.00,24345.00
2023-11-21,23920.00,23950.00,24290.00
2023-11-22,23985.00,24015.00,24355.00
2023-11-23,24020.00,24050.00,24390.00
2023-11-24,24050.00,24080.00,24420.00
2023-11-25,24050.00,24080.00,24420.00
2023-11-26,24050.00,24080.00,24420.00
2023-11-27,24045.00,24075.00,24415.00
2023-11-28,24050.00,24080.00,24420.00
2023-11-29,24015.00,24045.00,24385.00
2023-11-30,24060.00,24090.00,24430.00
2023-12-01,24080.00,24110.00,24450.00
2023-12-02,24080.00,24110.00,24450.00
2023-12-03,24080.00,24110.00,24450.00
2023-12-04,24035.00,24065.00,24405.00
2023-12-05,24060.00,24090.00,24430.00
2023-12-06,24065.00,24095.00,24435.00
2023-12-07,24060.00,24090.00,24430.00
2023-12-08,24020.00,24050.00,24390.00
2023-12-09,24020.00,24050.00,24390.00
2023-12-10,24020.00,24050.00,24390.00
2023-12-11,24030.00,24060.00,24400.00
2023-12-12,24060.00,24090.00,24430.00
2023-12-13,24050.00,24080.00,24420.00
2023-12-14,24050.00,24080.00,24420.00
2023-12-15,24040.00,24070.00,24410.00
2023-12-16,24040.00,24070.00,24410.00
2023-12-17,24040.00,24070.00,24410.00
2023-12-18,24110.00,24140.00,24480.00
2023-12-19,24145.00,24175.00,24515.00
2023-12-20,24140.00,24170.00,24510.00
2023-12-21,24130.00,24160.00,24500.00
2023-12-22,24030.00,24060.00,24400.00
2023-12-23,24030.00,24060.00,24400.00
2023-12-24,24030.00,24060.00,24400.00
2023-12-25,24030.00,24060.00,24400.00
2023-12-26,24100.00,24130.00,24470.00
2023-12-27,24110.00,24140.00,24480.00
2023-12-28,24030.00,24060.00,24400.00
2023-12-29,24050.00,24080.00,24420.00
2023-12-30,24050.00,24080.00,24420.00
2023-12-31,24050.00,24080.00,24420.00
2024-01-01,24050.00,24080.00,24420.00
2024-01-02,24125.00,24155.00,24495.00
2024-01-03,24150.00,24180.00,24520.00
2024-01-04,24160.00,24190.00,24530.00
2024-01-05,24160.00,24190.00,24530.00
2024-01-06,24160.00,24190.00,24530.00
2024-01-07,24160.00,24190.00,24530.00
2024-01-08,24145.00,24175.00,24515.00
2024-01-09,24155.00,24185.00,24525.00
2024-01-10,24185.00,24215.00,24555.00
2024-01-11,24265.00,24295.00,24635.00
2024-01-12,24260.00,24290.00,24630.00
2024-01-13,24260.00,24290.00,24630.00
2024-01-14,24260.00,24290.00,24630.00
2024-01-15,24265.00,24295.00,24635.00
2024-01-16,24340.00,24370.00,24710.00
2024-01-17,24330.00,24360.00,24700.00
2024-01-18,24355.00,24385.00,24725.00
2024-01-19,24345.00,24375.00,24715.00
2024-01-20,24345.00,24375.00,24715.00
2024-01-21,24345.00,24375.00,24715.00
2024-01-22,24335.00,24365.00,24705.00
2024-01-23,24360.00,24390.00,24730.00
2024-01-24,24400.00,24430.00,24770.00
2024-01-25,24400.00,24430.00,24770.00
2024-01-26,24395.00,24425.00,24765.00
2024-01-27,24395.00,24425.00,24765.00
2024-01-28,24395.00,24425.00,24765.00
2024-01-29,24345.00,24375.00,24715.00
2024-01-30,24205.00,24235.00,24575.00
2024-01-31,24225.00,24255.00,24595.00
2024-02-01,24210.00,24240.00,24580.00
2024-02-02,24130.00,24160.00,24500.00
2024-02-03,24130.00,24160.00,24500.00
2024-02-04,24130.00,24160.00,24500.00
2024-02-05,24170.00,24200.00,24540.00
2024-02-06,24160.00,24190.00,24530.00
2024-02-07,24200.00,24230.00,24570.00
2024-02-08,24200.00,24230.00,24570.00
2024-02-09,24200.00,24230.00,24570.00
2024-02-10,24200.00,24230.00,24570.00
2024-02-11,24200.00,24230.00,24570.00
2024-02-12,24200.00,24230.00,24570.00
2024-02-13,24200.00,24230.00,24570.00
2024-02-14,24200.00,24230.00,24570.00
2024-02-15,24240.00,24270.00,24610.00
2024-02-16,24310.00,24340.00,24680.00
2024-02-17,24310.00,24340.00,24680.00
2024-02-18,24310.00,24340.00,24680.00
2024-02-19,24330.00,24360.00,24700.00
2024-02-20,24330.00,24360.00,24700.00
2024-02-21,24310.00,24340.00,24680.00
2024-02-22,24390.00,24420.00,24760.00
2024-02-23,24420.00,24450.00,24790.00
2024-02-24,24420.00,24450.00,24790.00
2024-02-25,24420.00,24450.00,24790.00
2024-02-26,24470.00,24500.00,24840.00
2024-02-27,24430.00,24460.00,24800.00
2024-02-28,24420.00,24450.00,24790.00
2024-02-29,24450.00,24480.00,24820.00
2024-03-01,24440.00,24470.00,24810.00
2024-03-02,24440.00,24470.00,24810.00
2024-03-03,24440.00,24470.00,24810.00
2024-03-04,24470.00,24500.00,24840.00
2024-03-05,24480.00,24510.00,24850.00
2024-03-06,24490.00,24520.00,24860.00
2024-03-07,24500.00,24530.00,24870.00
2024-03-08,24470.00,24500.00,24840.00
2024-03-09,24470.00,24500.00,24840.00
2024-03-10,24470.00,24500.00,24840.00
2024-03-11,24420.00,24450.00,24790.00
2024-03-12,24430.00,24460.00,24800.00
2024-03-13,24450.00,24480.00,24820.00
2024-03-14,24500.00,24530.00,24870.00
2024-03-15,24520.00,24550.00,24890.00
2024-03-16,24520.00,24550.00,24890.00
2024-03-17,24520.00,24550.00,24890.00
2024-03-18,24530.00,24560.00,24880.00
2024-03-19,24560.00,24590.00,24910.00
2024-03-20,24580.00,24610.00,24950.00
2024-03-21,24580.00,24610.00,24950.00
2024-03-22,24580.00,24610.00,24950.00
2024-03-23,24580.00,24610.00,24950.00
2024-03-24,24580.00,24610.00,24950.00
2024-03-25,24560.00,24590.00,24930.00
2024-03-26,24580.00,24610.00,24950.00
2024-03-27,24580.00,24610.00,24950.00
2024-03-28,24580.00,24610.00,24950.00
2024-03-29,24600.00,24630.00,24970.00
2024-03-30,24600.00,24630.00,24970.00
2024-03-31,24600.00,24630.00,24970.00
2024-04-01,24600.00,24630.00,24970.00
2024-04-02,24680.00,24710.00,25050.00
2024-04-03,24760.00,24790.00,25130.00
2024-04-04,24740.00,24770.00,25110.00
2024-04-05,24750.00,24780.00,25120.00
2024-04-06,24750.00,24780.00,25120.00
2024-04-07,24750.00,24780.00,25120.00
2024-04-08,24760.00,24790.00,25130.00
2024-04-09,24760.00,24790.00,25130.00
2024-04-10,24760.00,24790.00,25130.00
2024-04-11,24800.00,24830.00,25170.00
2024-04-12,24810.00,24840.00,25180.00
2024-04-13,24810.00,24840.00,25180.00
2024-04-14,24810.00,24840.00,25180.00
2024-04-15,24930.00,24960.00,25300.00
2024-04-16,24978.00,25008.00,25348.00
2024-04-17,25100.00,25130.00,25440.00
2024-04-18,25100.00,25130.00,25440.00
2024-04-19,25133.00,25163.00,25473.00
2024-04-20,25133.00,25163.00,25473.00
2024-04-21,25133.00,25163.00,25473.00
2024-04-22,25145.00,25175.00,25485.00
2024-04-23,25148.00,25178.00,25488.00
2024-04-24,25147.00,25177.00,25487.00
2024-04-25,25137.00,25167.00,25477.00
2024-04-26,25088.00,25118.00,25458.00
2024-04-27,25088.00,25118.00,25458.00
2024-04-28,25088.00,25118.00,25458.00
2024-04-29,25088.00,25118.00,25458.00
2024-04-30,25088.00,25118.00,25458.00
2024-05-01,25088.00,25118.00,25458.00
2024-05-02,25114.00,25144.00,25454.00
2024-05-03,25113.00,25143.00,25453.00
2024-05-04,25117.00,25147.00,25457.00
2024-05-05,25117.00,25147.00,25457.00
2024-05-06,25127.00,25157.00,25457.00
2024-05-07,25125.00,25155.00,25455.00
2024-05-08,25131.00,25161.00,25461.00
2024-05-09,25148.00,25178.00,25478.00
2024-05-10,25154.00,25184.00,25484.00
2024-05-11,25154.00,25184.00,25484.00
2024-05-12,25154.00,25184.00,25484.00
2024-05-13,25149.00,25179.00,25479.00
2024-05-14,25152.00,25182.00,25482.00
2024-05-15,25152.00,25182.00,25482.00
2024-05-16,25122.00,25152.00,25452.00
2024-05-17,25220.00,25250.00,25450.00
2024-05-18,25220.00,25250.00,25450.00
2024-05-19,25220.00,25250.00,25450.00
2024-05-20,25229.00,25259.00,25459.00
2024-05-21,25233.00,25263.00,25463.00
2024-05-22,25236.00,25266.00,25466.00
2024-05-23,25220.00,25250.00,25470.00
2024-05-24,25247.00,25277.00,25477.00
2024-05-25,25247.00,25277.00,25477.00
2024-05-26,25247.00,25277.00,25477.00
2024-05-27,25251.00,25281.00,25481.00
2024-05-28,25238.00,25268.00,25468.00
2024-05-29,25235.00,25265.00,25465.00
2024-05-30,25220.00,25250.00,25470.00
2024-05-31,25224.00,25254.00,25474.00
2024-06-01,25224.00,25254.00,25474.00
2024-06-02,25224.00,25254.00,25474.00
2024-06-03,25204.00,25234.00,25474.00
2024-06-04,25188.00,25218.00,25458.00
2024-06-05,25183.00,25213.00,25453.00
2024-06-06,25183.00,25213.00,25453.00
2024-06-07,25183.00,25213.00,25453.00
2024-06-08,25183.00,25213.00,25453.00
2024-06-09,25183.00,25213.00,25453.00
2024-06-10,25184.00,25214.00,25454.00
2024-06-11,25192.00,25222.00,25462.00
2024-06-12,25196.00,25226.00,25466.00
2024-06-13,25187.00,25217.00,25457.00
2024-06-14,25191.00,25221.00,25461.00
2024-06-15,25191.00,25221.00,25461.00
2024-06-16,25191.00,25221.00,25461.00
2024-06-17,25201.00,25231.00,25471.00
2024-06-18,25221.00,25251.00,25471.00
2024-06-19,25219.00,25249.00,25469.00
2024-06-20,25217.00,25247.00,25467.00
2024-06-21,25218.00,25248.00,25468.00
2024-06-22,25218.00,25248.00,25468.00
2024-06-23,25218.00,25248.00,25468.00
2024-06-24,25225.00,25255.00,25475.00
2024-06-25,25215.00,25245.00,25465.00
2024-06-26,25220.00,25250.00,25470.00
2024-06-27,25227.00,25257.00,25477.00
2024-06-28,25223.00,25253.00,25473.00
2024-06-29,25223.00,25253.00,25473.00
2024-06-30,25223.00,25253.00,25473.00
2024-07-01,25214.00,25244.00,25464.00
2024-07-02,25215.00,25245.00,25465.00
2024-07-03,25220.00,25250.00,25470.00
2024-07-04,25213.00,25243.00,25463.00
2024-07-05,25208.00,25238.00,25458.00
2024-07-06,25208.00,25238.00,25458.00
2024-07-07,25208.00,25238.00,25458.00
2024-07-08,25205.00,25235.00,25455.00
2024-07-09,25204.00,25234.00,25454.00
2024-07-10,25209.00,25239.00,25459.00
2024-07-11,25215.00,25245.00,25465.00
2024-07-12,25210.00,25240.00,25460.00
2024-07-13,25210.00,25240.00,25460.00
2024-07-14,25210.00,25240.00,25460.00
2024-07-15,25207.00,25237.00,25457.00
2024-07-16,25207.00,25237.00,25457.00
2024-07-17,25138.00,25168.00,25468.00
2024-07-18,25120.00,25150.00,25450.00
2024-07-19,25128.00,25158.00,25458.00
2024-07-20,25128.00,25158.00,25458.00
2024-07-21,25128.00,25158.00,25458.00
2024-07-22,25124.00,25154.00,25474.00
2024-07-23,25127.00,25157.00,25477.00
2024-07-24,25147.00,25177.00,25477.00
2024-07-25,25090.00,25120.00,25460.00
2024-07-26,25091.00,25121.00,25461.00
2024-07-27,25091.00,25121.00,25461.00
2024-07-28,25091.00,25121.00,25461.00
2024-07-29,25085.00,25115.00,25455.00
2024-07-30,25090.00,25120.00,25460.00
2024-07-31,25050.00,25080.00,25420.00
2024-08-01,25030.00,25060.00,25400.00
2024-08-02,25010.00,25040.00,25380.00
2024-08-03,25010.00,25040.00,25380.00
2024-08-04,25010.00,25040.00,25380.00
2024-08-05,24900.00,24930.00,25270.00
2024-08-06,24950.00,24980.00,25320.00
2024-08-07,24965.00,24995.00,25335.00
2024-08-08,24950.00,24980.00,25320.00
2024-08-09,24900.00,24930.00,25270.00
2024-08-10,24900.00,24930.00,25270.00
2024-08-11,24900.00,24930.00,25270.00
2024-08-12,24910.00,24940.00,25280.00
2024-08-13,24920.00,24950.00,25290.00
2024-08-14,24820.00,24850.00,25190.00
2024-08-15,24840.00,24870.00,25210.00
2024-08-16,24860.00,24890.00,25230.00
2024-08-17,24860.00,24890.00,25230.00
2024-08-18,24860.00,24890.00,25230.00
2024-08-19,24790.00,24820.00,25160.00
2024-08-20,24710.00,24740.00,25080.00
2024-08-21,24730.00,24760.00,25100.00
2024-08-22,24750.00,24780.00,25120.00
2024-08-23,24780.00,24810.00,25150.00
2024-08-24,24780.00,24810.00,25150.00
2024-08-25,24780.00,24810.00,25150.00
2024-08-26,24680.00,24710.00,25050.00
2024-08-27,24630.00,24660.00,25000.00
2024-08-28,24650.00,24680.00,25020.00
2024-08-29,24660.00,24690.00,25030.00
2024-08-30,24660.00,24690.00,25030.00
2024-08-31,24660.00,24690.00,25030.00
2024-09-01,24660.00,24690.00,25030.00
2024-09-02,24660.00,24690.00,25030.00
2024-09-03,24660.00,24690.00,25030.00
2024-09-04,24645.00,24675.00,25015.00
2024-09-05,24550.00,24580.00,24920.00
2024-09-06,24400.00,24430.00,24770.00
2024-09-07,24400.00,24430.00,24770.00
2024-09-08,24400.00,24430.00,24770.00
2024-09-09,24470.00,24500.00,24840.00
2024-09-10,24460.00,24490.00,24830.00
2024-09-11,24355.00,24385.00,24725.00
2024-09-12,24380.00,24410.00,24750.00
2024-09-13,24360.00,24390.00,24730.00
2024-09-14,24360.00,24390.00,24730.00
2024-09-15,24360.00,24390.00,24730.00
2024-09-16,24350.00,24380.00,24720.00
2024-09-17,24400.00,24430.00,24770.00
2024-09-18,24440.00,24470.00,24810.00
2024-09-19,24380.00,24410.00,24750.00
2024-09-20,24370.00,24400.00,24740.00
2024-09-21,24370.00,24400.00,24740.00
2024-09-22,24370.00,24400.00,24740.00
2024-09-23,24430.00,24460.00,24800.00
2024-09-24,24400.00,24430.00,24770.00
2024-09-25,24380.00,24410.00,24750.00
2024-09-26,24430.00,24460.00,24800.00
2024-09-27,24390.00,24420.00,24760.00
2024-09-28,24390.00,24420.00,24760.00
2024-09-29,24390.00,24420.00,24760.00
2024-09-30,24370.00,24400.00,24740.00
2024-10-01,24400.00,24430.00,24770.00
2024-10-02,24450.00,24480.00,24820.00
2024-10-03,24550.00,24580.00,24920.00
2024-10-04,24550.00,24580.00,24940.00
2024-10-05,24550.00,24580.00,24940.00
2024-10-06,24550.00,24580.00,24940.00
2024-10-07,24640.00,24670.00,25030.00
2024-10-08,24635.00,24665.00,25025.00
2024-10-09,24635.00,24665.00,25025.00
2024-10-10,24640.00,24670.00,25030.00
2024-10-11,24610.00,24640.00,25000.00
2024-10-12,24610.00,24640.00,25000.00
2024-10-13,24610.00,24640.00,25000.00
2024-10-14,24630.00,24660.00,25020.00
2024-10-15,24735.00,24765.00,25125.00
2024-10-16,24780.00,24810.00,25170.00
2024-10-17,24980.00,25010.00,25370.00
2024-10-18,24950.00,24980.00,25340.00
2024-10-19,24950.00,24980.00,25340.00
2024-10-20,24950.00,24980.00,25340.00
2024-10-21,25040.00,25070.00,25430.00
2024-10-22,25062.00,25092.00,25452.00
2024-10-23,25190.00,25220.00,25462.00
2024-10-24,25203.00,25233.00,25473.00
2024-10-25,25167.00,25197.00,25467.00
2024-10-26,25167.00,25197.00,25467.00
2024-10-27,25167.00,25197.00,25467.00
2024-10-28,25164.00,25194.00,25464.00
2024-10-29,25134.00,25164.00,25464.00
2024-10-30,25088.00,25118.00,25458.00
2024-10-31,25060.00,25090.00,25450.00
2024-11-01,25084.00,25114.00,25454.00
2024-11-02,25084.00,25114.00,25454.00
2024-11-03,25084.00,25114.00,25454.00
2024-11-04,25095.00,25125.00,25465.00
2024-11-05,25130.00,25160.00,25460.00
2024-11-06,25140.00,25170.00,25470.00
2024-11-07,25167.00,25197.00,25497.00
2024-11-08,25100.00,25130.00,25470.00
2024-11-09,25100.00,25130.00,25470.00
2024-11-10,25100.00,25130.00,25470.00
2024-11-11,25086.00,25116.00,25476.00
2024-11-12,25130.00,25160.00,25480.00
2024-11-13,25150.00,25180.00,25502.00
2024-11-14,25154.00,25184.00,25504.00
2024-11-15,25160.00,25190.00,25512.00
2024-11-16,25160.00,25190.00,25512.00
2024-11-17,25160.00,25190.00,25512.00
2024-11-18,25170.00,25200.00,25502.00
2024-11-19,25175.00,25205.00,25507.00
2024-11-20,25170.00,25200.00,25499.00
2024-11-21,25170.00,25200.00,25504.00
2024-11-22,25170.00,25200.00,25509.00
2024-11-23,25170.00,25200.00,25509.00
2024-11-24,25170.00,25200.00,25509.00
2024-11-25,25167.00,25197.00,25506.00
2024-11-26,25170.00,25200.00,25509.00
2024-11-27,25170.00,25200.00,25509.00
2024-11-28,25145.00,25175.00,25484.00
2024-11-29,25130.00,25160.00,25463.00
2024-11-30,25130.00,25160.00,25463.00
2024-12-01,25130.00,25160.00,25463.00
2024-12-02,25119.00,25149.00,25452.00
2024-12-03,25140.00,25170.00,25473.00
2024-12-04,25142.00,25172.00,25475.00
2024-12-05,25146.00,25176.00,25479.00
2024-12-06,25134.00,25164.00,25467.00
2024-12-07,25134.00,25164.00,25467.00
2024-12-08,25134.00,25164.00,25467.00
2024-12-09,25127.00,25157.00,25460.00
2024-12-10,25140.00,25170.00,25470.00
2024-12-11,25135.00,25165.00,25465.00
2024-12-12,25141.00,25171.00,25471.00
2024-12-13,25147.00,25177.00,25477.00
2024-12-14,25147.00,25177.00,25477.00
2024-12-15,25147.00,25177.00,25477.00
2024-12-16,25155.00,25185.00,25485.00
2024-12-17,25153.00,25183.00,25483.00
2024-12-18,25161.00,25191.00,25491.00
2024-12-19,25189.00,25219.00,25519.00
2024-12-20,25210.00,25240.00,25540.00
2024-12-21,25210.00,25240.00,25540.00
2024-12-22,25210.00,25240.00,25540.00
2024-12-23,25200.00,25230.00,25530.00
2024-12-24,25193.00,25223.00,25523.00
2024-12-25,25206.00,25236.00,25536.00
2024-12-26,25195.00,25225.00,25525.00
2024-12-27,25208.00,25238.00,25538.00
2024-12-28,25208.00,25238.00,25538.00
2024-12-29,25208.00,25238.00,25538.00
2024-12-30,25213.00,25243.00,25543.00
2024-12-31,25221.00,25251.00,25551.00
2025-01-01,25221.00,25251.00,25551.00
2025-01-02,25229.00,25259.00,25559.00
2025-01-03,25220.00,25250.00,25550.00
2025-01-04,25220.00,25250.00,25550.00
2025-01-05,25220.00,25250.00,25550.00
2025-01-06,25223.00,25253.00,25553.00
2025-01-07,25178.00,25208.00,25548.00
2025-01-08,25156.00,25186.00,25546.00
2025-01-09,25164.00,25194.00,25554.00
2025-01-10,25168.00,25198.00,25558.00
2025-01-11,25168.00,25198.00,25558.00
2025-01-12,25168.00,25198.00,25558.00
2025-01-13,25170.00,25200.00,25560.00
2025-01-14,25173.00,25203.00,25563.00
2025-01-15,25164.00,25194.00,25554.00
2025-01-16,25159.00,25189.00,25549.00
2025-01-17,25120.00,25150.00,25510.00
2025-01-18,25120.00,25150.00,25510.00
2025-01-19,25120.00,25150.00,25510.00
2025-01-20,25110.00,25140.00,25500.00
2025-01-21,25060.00,25090.00,25450.00
2025-01-22,24930.00,24960.00,25320.00
2025-01-23,24930.00,24960.00,25320.00
2025-01-24,24770.00,24800.00,25300.00
2025-01-25,24770.00,24800.00,25300.00
2025-01-26,24770.00,24800.00,25300.00
2025-01-27,24770.00,24800.00,25300.00
2025-01-28,24770.00,24800.00,25300.00
2025-01-29,24770.00,24800.00,25300.00
2025-01-30,24770.00,24800.00,25300.00
2025-01-31,24770.00,24800.00,25300.00
2025-02-01,24770.00,24800.00,25300.00
2025-02-02,24770.00,24800.00,25300.00
2025-02-03,25110.00,25140.00,25500.00
2025-02-04,24970.00,25000.00,25360.00
2025-02-05,24950.00,24980.00,25340.00
2025-02-06,25060.00,25090.00,25450.00
2025-02-07,25080.00,25110.00,25470.00
2025-02-08,25080.00,25110.00,25470.00
2025-02-09,25080.00,25110.00,25470.00
2025-02-10,25170.00,25200.00,25560.00
2025-02-11,25310.00,25340.00,25700.00
2025-02-12,25350.00,25380.00,25740.00
2025-02-13,25270.00,25300.00,25660.00
2025-02-14,25190.00,25220.00,25580.00
2025-02-15,25190.00,25220.00,25580.00
2025-02-16,25190.00,25220.00,25580.00
2025-02-17,25250.00,25280.00,25640.00
2025-02-18,25310.00,25340.00,25700.00
2025-02-19,25310.00,25340.00,25700.00
2025-02-20,25320.00,25350.00,25710.00
2025-02-21,25290.00,25320.00,25680.00
2025-02-22,25290.00,25320.00,25680.00
2025-02-23,25290.00,25320.00,25680.00
2025-02-24,25280.00,25310.00,25670.00
2025-02-25,25300.00,25330.00,25690.00
2025-02-26,25330.00,25360.00,25720.00
2025-02-27,25350.00,25380.00,25740.00
2025-02-28,25340.00,25370.00,25730.00
2025-03-01,25340.00,25370.00,25730.00
2025-03-02,25340.00,25370.00,25730.00
2025-03-03,25390.00,25420.00,25780.00
2025-03-04,25360.00,25390.00,25750.00
2025-03-05,25290.00,25320.00,25680.00
2025-03-06,25270.00,25300.00,25660.00
2025-03-07,25300.00,25330.00,25690.00
2025-03-08,25300.00,25330.00,25690.00
2025-03-09,25300.00,25330.00,25690.00
2025-03-10,25310.00,25340.00,25700.00
2025-03-11,25260.00,25290.00,25650.00
2025-03-12,25250.00,25280.00,25640.00
2025-03-13,25290.00,25320.00,25680.00
2025-03-14,25320.00,25350.00,25710.00
2025-03-15,25320.00,25350.00,25710.00
2025-03-16,25320.00,25350.00,25710.00
2025-03-17,25330.00,25360.00,25720.00
2025-03-18,25320.00,25350.00,25710.00
2025-03-19,25340.00,25370.00,25730.00
2025-03-20,25350.00,25380.00,25740.00
2025-03-21,25370.00,25400.00,25760.00
2025-03-22,25370.00,25400.00,25760.00
2025-03-23,25370.00,25400.00,25760.00
2025-03-24,25420.00,25450.00,25810.00
2025-03-25,25420.00,25450.00,25810.00
2025-03-26,25360.00,25390.00,25750.00
2025-03-27,25360.00,25390.00,25750.00
2025-03-28,25370.00,25400.00,25760.00
2025-03-29,25370.00,25400.00,25760.00
2025-03-30,25370.00,25400.00,25760.00
2025-03-31,25350.00,25380.00,25740.00
2025-04-01,25430.00,25460.00,25820.00
2025-04-02,25430.00,25460.00,25820.00
2025-04-03,25590.00,25620.00,25980.00
2025-04-04,25570.00,25600.00,25960.00
2025-04-05,25570.00,25600.00,25960.00
2025-04-06,25570.00,25600.00,25960.00
2025-04-07,25570.00,25600.00,25960.00
2025-04-08,25750.00,25780.00,26140.00
2025-04-09,25792.00,25822.00,26182.00
2025-04-10,25580.00,25610.00,25970.00
2025-04-11,25530.00,25560.00,25920.00
